LIGAND_NAME,Hydrogen_bonds,Hydrogen_bond_distance,Hydrophobic_bonds,Hydrophobic_bond_distance
11724205_uff_E=427.23_out,,,,
11724205_uff_E=427.23_out_1,TYR159,3.12,MET162 | MET162 | TYR159 | TYR149 | TYR149 | ILE203 | TYR159 | TYR159 | ILE22 | THR197 | THR197 | THR197 | ILE22 | ILE94,3.52 | 3.86 | 3.56 | 3.80 | 3.69 | 3.58 | 3.84 | 3.48 | 3.65 | 3.72 | 3.54 | 3.72 | 3.73 | 3.86
11724205_uff_E=427.23_out_2,,,SER21 | ILE94 | ALA199 | ALA199 | ALA199 | TYR149 | ILE203 | TYR159,3.71 | 3.59 | 3.79 | 3.46 | 3.56 | 3.83 | 3.78 | 3.86
11724205_uff_E=427.23_out_3,,,ILE203 | MET162 | TYR159 | TYR159 | LEU102 | MET162 | MET162 | PHE96 | GLY95 | ILE203 | ALA199 | ILE203 | TYR159 | ILE22 | ALA192 | ILE22 | ALA200 | ALA200 | PRO194 | TYR149 | TYR149 | TYR149 | TYR149 | TYR149,3.77 | 3.70 | 3.33 | 3.35 | 3.17 | 3.87 | 3.79 | 3.69 | 3.67 | 3.76 | 3.58 | 3.69 | 3.81 | 3.43 | 3.77 | 3.58 | 3.45 | 3.79 | 3.65 | 3.53 | 3.57 | 3.70 | 3.25 | 3.85
11724205_uff_E=427.23_out_4,SER93,2.87,ALA23 | SER21 | THR197 | ALA199 | THR197 | ALA199 | TYR149 | TYR149 | TYR149 | LEU147 | LEU147 | ALA192 | ILE22 | LEU147 | LEU147 | ILE22 | ILE22,3.73 | 3.66 | 3.12 | 3.31 | 3.74 | 3.81 | 3.76 | 3.55 | 3.20 | 3.86 | 3.51 | 3.55 | 3.74 | 3.86 | 3.54 | 3.32 | 3.83
11724205_uff_E=427.23_out_5,,,ILE203 | ILE203 | TYR159 | MET209 | TYR159 | TYR159 | TYR149 | TYR149 | TYR149 | PHE206 | PRO194 | PRO194 | TYR149 | TYR149 | LEU147 | SER93 | SER93 | LEU147 | LEU147 | ILE22 | ILE22 | LYS166 | ALA199,3.07 | 3.60 | 3.69 | 3.43 | 3.43 | 3.59 | 3.78 | 3.41 | 3.63 | 3.76 | 3.89 | 3.65 | 3.84 | 3.73 | 3.51 | 3.62 | 3.90 | 3.68 | 3.87 | 3.45 | 3.66 | 3.52 | 3.81
11724205_uff_E=427.23_out_6,,,LEU147 | LEU147 | ALA199 | ALA199 | MET209 | TYR159 | TYR159 | TYR149 | TYR149 | TYR149 | MET209 | PHE206 | PHE206 | ILE203 | TYR149 | PRO194 | TYR149 | TYR149 | PHE206 | PHE206 | PRO194,3.75 | 3.61 | 3.83 | 3.21 | 3.83 | 3.34 | 3.66 | 3.84 | 3.48 | 3.56 | 3.83 | 3.61 | 2.95 | 3.13 | 3.61 | 3.78 | 3.60 | 3.52 | 3.58 | 3.80 | 3.76
11724205_uff_E=427.23_out_7,VAL67,2.84,GLY15 | GLY15 | ILE94 | PRO42 | PRO42 | GLY15 | GLY15 | ILE94 | PRO42 | GLY15 | ILE94 | PRO42 | PRO42 | PRO42 | PRO42 | ILE94 | PRO42 | PRO42 | PRO42 | PRO42 | ILE121 | PHE96 | PHE96 | ILE121 | PHE96 | PHE96 | PRO42 | PHE96 | PHE96 | PHE96,3.80 | 3.89 | 3.53 | 3.13 | 3.68 | 3.71 | 3.56 | 3.85 | 3.84 | 3.31 | 3.88 | 3.88 | 3.54 | 3.61 | 3.59 | 3.76 | 3.81 | 3.31 | 3.88 | 3.39 | 3.76 | 3.65 | 3.82 | 3.46 | 3.77 | 3.11 | 3.76 | 3.65 | 3.39 | 3.78
11724205_uff_E=427.23_out_8,,,MET162 | PHE96 | ILE203 | ILE203 | LEU102 | ILE203 | ILE203 | TYR159 | TYR159 | LEU102 | ILE203 | ILE203 | ALA199 | ILE22 | ILE22 | ILE22 | ILE94 | ILE94 | SER93 | GLY95,3.81 | 3.64 | 3.75 | 3.77 | 3.62 | 3.79 | 3.75 | 3.67 | 3.75 | 3.25 | 3.23 | 3.49 | 3.79 | 2.86 | 3.69 | 3.68 | 3.58 | 3.81 | 3.71 | 3.65
11724205_uff_E=427.23_out_9,ASN43,2.93,ILE94 | ILE94 | ILE94 | ILE94 | LEU46 | LEU46 | PRO42 | ALA17 | ALA17 | PRO42 | PRO42 | PHE96 | PHE96 | ASP66 | PRO42 | ILE121 | ILE121 | PHE96 | PHE96 | ILE121,3.82 | 3.85 | 3.90 | 3.51 | 3.55 | 3.86 | 3.47 | 3.65 | 3.67 | 3.76 | 3.71 | 3.61 | 3.88 | 3.90 | 3.88 | 3.54 | 3.62 | 3.61 | 3.51 | 3.86
16726_uff_E=54.97_out,,,,
16726_uff_E=54.97_out_1,THR197 | ILE195,2.88 | 2.85,ALA200 | ALA200 | PHE206,3.76 | 3.75 | 3.88
16726_uff_E=54.97_out_2,ILE195 | THR197,2.84 | 2.87,PHE206 | ALA200 | ALA200,3.87 | 3.76 | 3.74
16726_uff_E=54.97_out_3,THR197 | ILE195,2.97 | 3.07,PHE206 | ALA200 | ALA200,3.87 | 3.72 | 3.75
16726_uff_E=54.97_out_4,THR197 | ILE195,2.96 | 3.05,ALA200 | ALA200,3.71 | 3.73
16726_uff_E=54.97_out_5,TYR159,2.99,TYR149 | PRO194 | TYR149 | TYR149 | TYR149 | TYR149,3.70 | 3.90 | 3.62 | 3.74 | 3.79 | 3.89
16726_uff_E=54.97_out_6,THR197 | ILE195 | THR197,3.31 | 3.02 | 2.86,,
16726_uff_E=54.97_out_7,TYR159,2.82,TYR149 | TYR149 | TYR149 | TYR149,3.71 | 3.46 | 3.77 | 3.57
16726_uff_E=54.97_out_8,SER93 | ALA23 | ILE22,3.04 | 3.21 | 3.01,,
16726_uff_E=54.97_out_9,,,ALA200,3.66
RingData_uff_E=327.42_out,,,,
RingData_uff_E=327.42_out_1,THR197,3.17,ILE22 | THR197 | THR197 | THR197 | THR197 | ILE22 | ILE22 | TYR149 | TYR149,3.87 | 3.68 | 3.87 | 3.69 | 3.84 | 3.73 | 3.74 | 3.67 | 3.83
RingData_uff_E=327.42_out_2,TYR159,3.26,ILE22 | ILE22 | THR197 | THR197 | THR197 | ILE22 | ILE22 | PHE206 | TYR159 | TYR149 | TYR149,3.89 | 3.85 | 3.72 | 3.89 | 3.83 | 3.77 | 3.75 | 3.88 | 3.68 | 3.85 | 3.67
RingData_uff_E=327.42_out_3,,,TYR159 | TYR149 | TYR149 | TYR149 | THR197 | THR197 | ILE22 | ILE22 | ILE22,3.69 | 3.89 | 3.63 | 3.80 | 3.90 | 3.87 | 3.82 | 3.89 | 3.63
RingData_uff_E=327.42_out_4,,,ALA199 | LEU102 | ALA199 | ILE203 | ILE203 | TYR159 | TYR159 | TYR159 | PHE206 | PHE206 | ALA200,3.56 | 3.77 | 3.75 | 3.71 | 3.55 | 3.27 | 3.77 | 3.58 | 3.82 | 3.85 | 3.85
RingData_uff_E=327.42_out_5,ALA199,2.98,TYR159 | TYR149 | TYR149 | TYR159 | MET162 | MET162 | PHE96 | ALA199,3.70 | 3.83 | 3.68 | 3.85 | 3.59 | 3.81 | 3.76 | 3.83
RingData_uff_E=327.42_out_6,THR197,3.01,TYR149 | TYR149 | TYR149 | PHE206 | PHE206 | GLY95,3.83 | 3.59 | 3.78 | 3.74 | 3.66 | 3.81
RingData_uff_E=327.42_out_7,VAL67,3.02,PHE96 | PHE96 | PHE96 | PHE96 | PHE96 | PHE96 | PHE96 | PHE96 | PHE96 | ILE121 | ILE121 | ILE121 | ILE121 | PRO42 | PRO42 | PRO42 | ILE94 | ILE94 | PRO42 | PRO42 | ILE94 | PRO42 | PRO42,3.84 | 3.81 | 3.66 | 3.61 | 3.79 | 3.71 | 3.85 | 3.64 | 3.73 | 3.75 | 3.85 | 3.58 | 3.75 | 3.89 | 3.75 | 3.72 | 3.76 | 3.75 | 3.77 | 3.47 | 3.78 | 3.41 | 3.63
RingData_uff_E=327.42_out_8,ASP66,2.95,PRO42 | PRO42 | PRO42 | PRO42 | PRO42 | PRO42 | PHE96 | PHE96 | PHE96 | PHE96 | PHE96 | PHE96 | PHE96 | ILE121 | ILE121 | ILE121,3.57 | 3.74 | 3.77 | 3.63 | 3.78 | 3.77 | 3.85 | 3.77 | 3.88 | 3.69 | 3.60 | 3.89 | 3.69 | 3.50 | 3.81 | 3.80
RingData_uff_E=327.42_out_9,,,ILE94 | PRO42 | ILE121 | ILE94 | ILE94 | ILE94 | ILE94 | ALA199 | ALA17,3.56 | 3.53 | 3.53 | 3.71 | 3.61 | 3.72 | 3.82 | 3.71 | 3.68
_uff_E=-1.98_out,,,,
_uff_E=-1.98_out_1,SER93 | ALA23 | SER21,3.01 | 3.10 | 3.16,SER21 | SER21 | THR197 | ILE22 | ALA200 | ALA199 | ILE203 | ALA200 | TYR159 | ILE203 | TYR159 | TYR159 | PHE206 | TYR149 | TYR149 | PRO194 | TYR149 | PRO194 | TYR149 | TYR149 | TYR149 | TYR149 | TYR149,3.81 | 3.85 | 3.79 | 3.53 | 3.78 | 3.61 | 3.76 | 3.81 | 3.71 | 3.46 | 3.48 | 3.86 | 3.86 | 3.88 | 3.89 | 3.55 | 3.79 | 3.83 | 3.79 | 3.52 | 3.55 | 3.70 | 3.75
_uff_E=-1.98_out_2,SER93 | SER93 | GLY15,3.05 | 3.14 | 2.97,ILE22 | ILE22 | ILE22 | ILE22 | ILE22 | LEU147 | LYS166 | THR148 | LEU147 | LEU147 | TYR149 | TYR149 | TYR149 | PHE206 | PHE206 | PRO194 | PRO194 | TYR149 | TYR149 | TYR149 | TYR149 | PHE206 | ILE203 | ILE203 | TYR159 | ILE22 | ALA192 | ILE22 | TYR149,3.67 | 3.78 | 3.71 | 3.66 | 3.37 | 3.68 | 3.83 | 3.82 | 3.77 | 3.78 | 3.88 | 3.80 | 3.31 | 3.70 | 3.76 | 3.75 | 3.69 | 3.63 | 3.66 | 3.87 | 3.85 | 3.86 | 3.70 | 3.62 | 3.68 | 3.64 | 3.84 | 3.80 | 3.74
_uff_E=-1.98_out_3,SER93 | ALA23,2.96 | 2.93,ILE22 | ILE22 | GLY95 | ALA199 | GLY95 | GLY95 | MET162 | PHE206 | PHE206 | PRO194 | TYR149 | TYR149 | TYR149 | TYR149 | TYR149 | TYR149 | ILE203 | TYR159 | PHE206 | ILE203 | ILE203 | ALA200 | ALA200 | ALA200 | ALA200 | ALA200 | ILE22 | TYR149,3.88 | 3.64 | 3.81 | 3.65 | 3.77 | 3.63 | 3.85 | 3.83 | 3.89 | 3.88 | 3.76 | 3.75 | 3.76 | 3.66 | 3.67 | 3.88 | 3.83 | 3.84 | 3.75 | 3.73 | 3.88 | 3.90 | 3.47 | 3.88 | 3.79 | 3.53 | 3.80 | 3.78
_uff_E=-1.98_out_4,SER21 | GLY15 | SER93 | ALA23 | ILE22,3.08 | 2.79 | 3.18 | 3.23 | 3.13,SER21 | SER21 | THR197 | THR197 | ILE22 | ILE22 | ILE22 | ILE22 | LEU147 | LEU147 | ILE22 | LEU147 | LEU147 | TYR149 | ILE203 | ILE203 | TYR159 | TYR159 | TYR149 | TYR149 | TYR149 | PHE206 | PHE206 | PRO194 | TYR149 | TYR149 | PRO194 | ALA192 | ILE22 | TYR149 | TYR149,3.61 | 3.84 | 3.83 | 3.87 | 3.53 | 3.68 | 3.73 | 3.75 | 3.74 | 3.42 | 3.79 | 3.78 | 3.74 | 3.77 | 3.41 | 3.53 | 3.73 | 3.85 | 3.82 | 3.67 | 3.75 | 3.72 | 3.75 | 3.50 | 3.57 | 3.66 | 3.61 | 3.86 | 3.68 | 3.75 | 3.83
_uff_E=-1.98_out_5,ALA199 | THR197 | SER21,2.87 | 3.25 | 3.07,THR197 | THR197 | THR197 | SER21 | ILE22 | ILE22 | SER93 | LEU147 | LEU147 | ILE22 | PHE206 | PHE206 | PRO194 | PRO194 | TYR149 | TYR149 | MET209 | PHE206 | TYR159 | TYR149 | TYR149 | TYR149 | TYR149 | TYR149 | TYR149 | TYR149 | ILE22 | ILE22 | ALA200 | ALA200 | ALA200,3.79 | 3.77 | 3.64 | 3.74 | 3.66 | 3.65 | 3.88 | 3.79 | 3.60 | 3.77 | 3.67 | 3.69 | 3.77 | 3.75 | 3.64 | 3.71 | 3.46 | 3.74 | 3.62 | 3.79 | 3.60 | 3.52 | 3.65 | 3.52 | 3.59 | 3.66 | 3.42 | 3.80 | 3.68 | 3.84 | 3.78
_uff_E=-1.98_out_6,ALA199,3.10,LEU102 | ILE203 | TYR159 | ILE203 | ALA200 | ILE203 | TYR149 | TYR149 | TYR149 | TYR149 | PRO194 | PRO194 | TYR149 | TYR149 | LEU147 | SER93 | ILE22 | ILE22 | LYS166 | TYR149 | TYR149 | TYR149 | ALA192 | ILE22,3.72 | 3.56 | 3.72 | 3.55 | 3.76 | 3.83 | 3.87 | 3.79 | 3.89 | 3.82 | 3.74 | 3.56 | 3.63 | 3.51 | 3.78 | 3.77 | 3.52 | 3.57 | 3.77 | 3.59 | 3.84 | 3.88 | 3.85 | 3.57
_uff_E=-1.98_out_7,SER93 | ALA23 | SER21,2.91 | 3.09 | 3.25,SER21 | SER21 | THR197 | THR197 | ILE22 | GLY95 | ILE94 | GLY95 | TYR159 | THR148 | LEU147 | LEU147 | ILE22 | ILE22 | ILE22 | TYR149 | TYR149 | PRO194 | PHE206 | TYR149 | TYR149 | TYR159 | TYR149 | TYR149 | TYR149 | MET209 | ILE203 | ILE203 | TYR159 | ILE203,3.68 | 3.76 | 3.54 | 3.80 | 3.84 | 3.78 | 3.81 | 3.78 | 3.65 | 3.73 | 3.74 | 3.76 | 3.73 | 3.71 | 3.54 | 3.60 | 3.87 | 3.53 | 3.89 | 3.64 | 3.68 | 3.88 | 3.77 | 3.63 | 3.74 | 3.82 | 3.46 | 3.53 | 3.55 | 3.83
_uff_E=-1.98_out_8,SER21 | GLY15 | SER93 | ALA23 | ILE22,2.99 | 2.94 | 3.07 | 3.08 | 3.06,ILE22 | LEU147 | LEU147 | ILE22 | LEU147 | ILE22 | TYR149 | TYR149 | TYR149 | ALA192 | ILE22 | LYS166 | GLY95 | ALA199 | ILE203 | ALA200 | TYR159 | ILE203 | MET209 | TYR159 | TYR149 | TYR149 | TYR149 | PHE206 | TYR149 | TYR149 | PHE206 | PHE206 | PRO194 | PRO194 | TYR149 | TYR149,3.89 | 3.58 | 3.39 | 3.49 | 3.89 | 3.83 | 3.83 | 3.59 | 3.74 | 3.71 | 3.72 | 3.81 | 3.86 | 3.60 | 3.81 | 3.79 | 3.83 | 3.51 | 3.76 | 3.87 | 3.83 | 3.67 | 3.84 | 3.88 | 3.52 | 3.65 | 3.50 | 3.87 | 3.56 | 3.58 | 3.80 | 3.70
_uff_E=-1.98_out_9,SER93 | ALA23,2.97 | 2.83,ILE22 | ILE22 | ILE22 | THR197 | THR197 | ALA199 | ALA199 | ILE203 | ALA200 | ILE203 | TYR159 | ILE203 | ILE94 | LEU147 | SER93 | LEU147 | TYR149 | TYR149 | TYR149 | PRO194 | PRO194 | PRO194 | TYR149 | TYR149 | TYR149 | PHE206 | PHE206 | PRO194 | PRO194 | TYR149 | TYR149 | MET209 | TYR149 | TYR149,3.79 | 3.82 | 3.54 | 3.77 | 3.75 | 3.40 | 3.81 | 3.74 | 3.89 | 3.87 | 3.67 | 3.51 | 3.80 | 3.75 | 3.70 | 3.23 | 3.61 | 3.72 | 3.66 | 3.74 | 3.89 | 3.28 | 3.86 | 3.39 | 3.62 | 3.68 | 3.68 | 3.81 | 3.79 | 3.65 | 3.74 | 3.66 | 3.71 | 3.65
_uff_E=142.08_out,,,,
_uff_E=142.08_out_1,THR197,2.96,PHE206 | PHE206 | PHE206 | ALA200 | ALA200 | ALA200,3.76 | 3.64 | 3.81 | 3.77 | 3.77 | 3.82
_uff_E=142.08_out_2,,,TYR149 | TYR149 | TYR149 | PRO194 | GLY193 | TYR149 | TYR149 | TYR149,3.77 | 3.57 | 3.75 | 3.38 | 3.89 | 3.44 | 3.44 | 3.59
_uff_E=142.08_out_3,,,TYR149 | PRO194 | TYR149 | TYR149 | TYR149 | TYR149 | TYR149 | TYR159 | TYR159,3.73 | 3.74 | 3.54 | 3.46 | 3.79 | 3.67 | 3.84 | 3.86 | 3.65
_uff_E=142.08_out_4,,,TYR159 | TYR159 | TYR149 | TYR149 | TYR149 | TYR149 | PRO194 | TYR149 | TYR149 | TYR149 | TYR149 | TYR149,3.89 | 3.51 | 3.87 | 3.83 | 3.72 | 3.65 | 3.74 | 3.65 | 3.52 | 3.86 | 3.66 | 3.81
_uff_E=142.08_out_5,GLY193,2.85,TYR149 | TYR149 | TYR149,3.69 | 3.77 | 3.48
_uff_E=142.08_out_6,ALA192,2.92,,
_uff_E=142.08_out_7,ILE195,2.96,TYR149 | TYR149 | TYR149 | ILE22,3.73 | 3.71 | 3.84 | 3.89
_uff_E=142.08_out_8,CYS65,2.75,ILE94 | ILE94 | PRO42 | PRO42 | PRO42 | ILE94 | PRO42,3.79 | 3.70 | 3.86 | 3.58 | 3.71 | 3.56 | 3.38
_uff_E=142.08_out_9,ALA192,2.89,TYR149 | TYR149 | TYR149 | TYR149,3.89 | 3.59 | 3.84 | 3.65
_uff_E=2984.15_out,,,,
_uff_E=2984.15_out_1,SER93,2.72,PHE206 | TYR159 | TYR159 | ILE22 | ALA199 | ALA199 | ALA199 | ALA199 | ILE22 | PRO194,3.84 | 3.75 | 3.44 | 3.40 | 3.84 | 3.55 | 3.61 | 3.75 | 3.76 | 3.58
_uff_E=2984.15_out_2,GLY193 | ALA192 | ALA97,2.70 | 3.06 | 3.26,TYR149 | TYR149 | ILE203 | ALA199 | LEU102 | MET162 | MET162 | GLY95 | MET162 | LYS166,3.37 | 3.80 | 3.62 | 3.73 | 3.64 | 3.73 | 3.87 | 3.59 | 3.61 | 3.59
_uff_E=2984.15_out_3,ALA97,3.25,LEU102 | LEU102 | LEU102 | LYS166 | TYR149 | TYR159 | TYR159 | ILE203 | TYR159 | ILE203 | ILE203 | ALA199 | PHE96 | GLY95 | PHE96 | PHE96,3.76 | 3.47 | 3.61 | 3.73 | 3.78 | 3.75 | 3.66 | 3.55 | 3.61 | 3.39 | 3.86 | 3.60 | 3.74 | 3.83 | 3.89 | 3.52
_uff_E=2984.15_out_4,VAL67 | ASP66 | ALA199,3.11 | 2.59 | 2.84,PRO42 | VAL67 | VAL67 | ILE94 | ILE94 | ILE94 | PRO42 | ALA199 | ALA199 | LEU198 | ALA17 | ILE121,3.88 | 3.60 | 3.84 | 3.51 | 3.53 | 3.70 | 3.76 | 3.75 | 3.65 | 3.65 | 3.40 | 3.49
_uff_E=2984.15_out_5,,,LEU102 | LEU102 | ILE203 | ILE203 | TYR149 | TYR149 | TYR149 | TYR149 | TYR149 | ILE203 | TYR159 | ILE203 | TYR159 | ALA199 | ALA199 | ALA199 | PHE96 | GLY95,3.69 | 3.39 | 3.48 | 3.65 | 3.69 | 3.79 | 3.76 | 3.85 | 3.82 | 3.76 | 3.85 | 3.31 | 3.67 | 3.77 | 3.74 | 3.69 | 3.73 | 3.57
_uff_E=2984.15_out_6,GLY15,2.93,ILE22 | ALA199 | GLY95 | ALA199 | ILE94 | ILE94 | THR197 | THR197 | THR197 | THR197 | ILE22 | ILE22,3.60 | 3.89 | 3.77 | 3.66 | 3.84 | 3.65 | 3.65 | 3.61 | 3.61 | 3.88 | 3.54 | 3.86
_uff_E=2984.15_out_7,THR148 | TYR159,3.07 | 2.70,PHE96 | PHE96 | PHE96 | PHE96 | GLY95 | TYR159 | TYR149 | TYR149 | LYS166 | LYS166 | MET162 | GLY95 | ILE203 | ILE203 | ALA199 | ALA199 | LEU102 | ILE203 | ILE203 | LEU102,3.88 | 3.63 | 3.82 | 3.44 | 3.88 | 3.90 | 3.72 | 3.88 | 3.81 | 3.78 | 3.79 | 3.84 | 3.53 | 3.75 | 3.74 | 3.52 | 3.69 | 3.52 | 3.37 | 3.35
_uff_E=2984.15_out_8,VAL67 | ASP66 | ALA199,3.06 | 2.83 | 3.02,PRO42 | PRO42 | ALA199 | ALA199 | ILE94 | ILE94 | ILE94 | ILE94 | PRO42 | ILE94 | ILE94 | PRO42,3.78 | 3.74 | 3.69 | 3.90 | 3.86 | 3.62 | 3.13 | 3.79 | 3.52 | 3.67 | 3.84 | 3.78
_uff_E=2984.15_out_9,SER93 | THR197,3.09 | 3.14,TYR159 | PHE206 | PHE206 | PHE206 | ALA199 | ALA199 | ILE94 | ILE22 | ILE22 | THR197 | ILE22 | ILE22 | ILE22 | ALA199 | ILE203 | TYR159,3.66 | 3.80 | 3.72 | 3.80 | 3.03 | 3.48 | 3.67 | 3.89 | 3.90 | 3.62 | 3.05 | 3.77 | 3.72 | 3.61 | 3.49 | 3.67
_uff_E=51.64_out,,,,
_uff_E=51.64_out_1,ILE195 | THR197,2.84 | 2.87,PHE206 | ALA200 | ALA200,3.89 | 3.76 | 3.75
_uff_E=51.64_out_2,ILE195 | THR197,3.03 | 2.93,ALA200 | ALA200 | PHE206,3.70 | 3.73 | 3.90
_uff_E=51.64_out_3,THR197 | ILE195,2.86 | 2.88,ALA200 | ALA200,3.77 | 3.76
_uff_E=51.64_out_4,ILE195 | THR197,3.03 | 2.90,ALA200 | ALA200,3.70 | 3.74
_uff_E=51.64_out_5,ILE195 | THR197 | ILE195 | THR197,3.00 | 3.32 | 3.34 | 2.78,,
_uff_E=51.64_out_6,TYR159,2.99,TYR149 | TYR149 | TYR149 | PRO194 | TYR149 | TYR149,3.76 | 3.88 | 3.70 | 3.88 | 3.61 | 3.75
_uff_E=51.64_out_7,TYR159 | LYS166,3.23 | 3.04,TYR149 | TYR149,3.78 | 3.77
_uff_E=51.64_out_8,THR197 | THR197 | ILE195 | ILE195,2.75 | 3.34 | 3.32 | 2.94,,
_uff_E=51.64_out_9,CYS65 | VAL67,3.23 | 3.09,PRO42 | PRO42 | ILE94 | ILE94 | PRO42 | PRO42 | PRO42 | ILE94 | PRO42,3.84 | 3.75 | 3.67 | 3.90 | 3.63 | 3.75 | 3.68 | 3.55 | 3.61
